OldName,NewName
C:\Users\chase\Documents\nodecg\bundles\tennisCG\graphics\assets\flags\AF.png,AFG.png
C:\Users\chase\Documents\nodecg\bundles\tennisCG\graphics\assets\flags\AX.png,ALA.png
C:\Users\chase\Documents\nodecg\bundles\tennisCG\graphics\assets\flags\AL.png,ALB.png
C:\Users\chase\Documents\nodecg\bundles\tennisCG\graphics\assets\flags\DZ.png,DZA.png
C:\Users\chase\Documents\nodecg\bundles\tennisCG\graphics\assets\flags\AS.png,ASM.png
C:\Users\chase\Documents\nodecg\bundles\tennisCG\graphics\assets\flags\AD.png,AND.png
C:\Users\chase\Documents\nodecg\bundles\tennisCG\graphics\assets\flags\AO.png,AGO.png
C:\Users\chase\Documents\nodecg\bundles\tennisCG\graphics\assets\flags\AI.png,AIA.png
C:\Users\chase\Documents\nodecg\bundles\tennisCG\graphics\assets\flags\AQ.png,ATA.png
C:\Users\chase\Documents\nodecg\bundles\tennisCG\graphics\assets\flags\AG.png,ATG.png
C:\Users\chase\Documents\nodecg\bundles\tennisCG\graphics\assets\flags\AR.png,ARG.png
C:\Users\chase\Documents\nodecg\bundles\tennisCG\graphics\assets\flags\AM.png,ARM.png
C:\Users\chase\Documents\nodecg\bundles\tennisCG\graphics\assets\flags\AW.png,ABW.png
C:\Users\chase\Documents\nodecg\bundles\tennisCG\graphics\assets\flags\AU.png,AUS.png
C:\Users\chase\Documents\nodecg\bundles\tennisCG\graphics\assets\flags\AT.png,AUT.png
C:\Users\chase\Documents\nodecg\bundles\tennisCG\graphics\assets\flags\AZ.png,AZE.png
C:\Users\chase\Documents\nodecg\bundles\tennisCG\graphics\assets\flags\BS.png,BHS.png
C:\Users\chase\Documents\nodecg\bundles\tennisCG\graphics\assets\flags\BH.png,BHR.png
C:\Users\chase\Documents\nodecg\bundles\tennisCG\graphics\assets\flags\BD.png,BGD.png
C:\Users\chase\Documents\nodecg\bundles\tennisCG\graphics\assets\flags\BB.png,BRB.png
C:\Users\chase\Documents\nodecg\bundles\tennisCG\graphics\assets\flags\BY.png,BLR.png
C:\Users\chase\Documents\nodecg\bundles\tennisCG\graphics\assets\flags\BE.png,BEL.png
C:\Users\chase\Documents\nodecg\bundles\tennisCG\graphics\assets\flags\BZ.png,BLZ.png
C:\Users\chase\Documents\nodecg\bundles\tennisCG\graphics\assets\flags\BJ.png,BEN.png
C:\Users\chase\Documents\nodecg\bundles\tennisCG\graphics\assets\flags\BM.png,BMU.png
C:\Users\chase\Documents\nodecg\bundles\tennisCG\graphics\assets\flags\BT.png,BTN.png
C:\Users\chase\Documents\nodecg\bundles\tennisCG\graphics\assets\flags\BO.png,BOL.png
C:\Users\chase\Documents\nodecg\bundles\tennisCG\graphics\assets\flags\BO.png,BOL.png
C:\Users\chase\Documents\nodecg\bundles\tennisCG\graphics\assets\flags\BQ.png,BES.png
C:\Users\chase\Documents\nodecg\bundles\tennisCG\graphics\assets\flags\BA.png,BIH.png
C:\Users\chase\Documents\nodecg\bundles\tennisCG\graphics\assets\flags\BW.png,BWA.png
C:\Users\chase\Documents\nodecg\bundles\tennisCG\graphics\assets\flags\BV.png,BVT.png
C:\Users\chase\Documents\nodecg\bundles\tennisCG\graphics\assets\flags\BR.png,BRA.png
C:\Users\chase\Documents\nodecg\bundles\tennisCG\graphics\assets\flags\IO.png,IOT.png
C:\Users\chase\Documents\nodecg\bundles\tennisCG\graphics\assets\flags\BN.png,BRN.png
C:\Users\chase\Documents\nodecg\bundles\tennisCG\graphics\assets\flags\BN.png,BRN.png
C:\Users\chase\Documents\nodecg\bundles\tennisCG\graphics\assets\flags\BG.png,BGR.png
C:\Users\chase\Documents\nodecg\bundles\tennisCG\graphics\assets\flags\BF.png,BFA.png
C:\Users\chase\Documents\nodecg\bundles\tennisCG\graphics\assets\flags\MM.png,MMR.png
C:\Users\chase\Documents\nodecg\bundles\tennisCG\graphics\assets\flags\BI.png,BDI.png
C:\Users\chase\Documents\nodecg\bundles\tennisCG\graphics\assets\flags\KH.png,KHM.png
C:\Users\chase\Documents\nodecg\bundles\tennisCG\graphics\assets\flags\CM.png,CMR.png
C:\Users\chase\Documents\nodecg\bundles\tennisCG\graphics\assets\flags\CA.png,CAN.png
C:\Users\chase\Documents\nodecg\bundles\tennisCG\graphics\assets\flags\CV.png,CPV.png
C:\Users\chase\Documents\nodecg\bundles\tennisCG\graphics\assets\flags\KY.png,CYM.png
C:\Users\chase\Documents\nodecg\bundles\tennisCG\graphics\assets\flags\CF.png,CAF.png
C:\Users\chase\Documents\nodecg\bundles\tennisCG\graphics\assets\flags\TD.png,TCD.png
C:\Users\chase\Documents\nodecg\bundles\tennisCG\graphics\assets\flags\CL.png,CHL.png
C:\Users\chase\Documents\nodecg\bundles\tennisCG\graphics\assets\flags\CN.png,CHN.png
C:\Users\chase\Documents\nodecg\bundles\tennisCG\graphics\assets\flags\CX.png,CXR.png
C:\Users\chase\Documents\nodecg\bundles\tennisCG\graphics\assets\flags\CC.png,CCK.png
C:\Users\chase\Documents\nodecg\bundles\tennisCG\graphics\assets\flags\CO.png,COL.png
C:\Users\chase\Documents\nodecg\bundles\tennisCG\graphics\assets\flags\KM.png,COM.png
C:\Users\chase\Documents\nodecg\bundles\tennisCG\graphics\assets\flags\CD.png,COD.png
C:\Users\chase\Documents\nodecg\bundles\tennisCG\graphics\assets\flags\CG.png,COG.png
C:\Users\chase\Documents\nodecg\bundles\tennisCG\graphics\assets\flags\CK.png,COK.png
C:\Users\chase\Documents\nodecg\bundles\tennisCG\graphics\assets\flags\CR.png,CRI.png
C:\Users\chase\Documents\nodecg\bundles\tennisCG\graphics\assets\flags\CI.png,CIV.png
C:\Users\chase\Documents\nodecg\bundles\tennisCG\graphics\assets\flags\HR.png,HRV.png
C:\Users\chase\Documents\nodecg\bundles\tennisCG\graphics\assets\flags\CU.png,CUB.png
C:\Users\chase\Documents\nodecg\bundles\tennisCG\graphics\assets\flags\CW.png,CUW.png
C:\Users\chase\Documents\nodecg\bundles\tennisCG\graphics\assets\flags\CY.png,CYP.png
C:\Users\chase\Documents\nodecg\bundles\tennisCG\graphics\assets\flags\CZ.png,CZE.png
C:\Users\chase\Documents\nodecg\bundles\tennisCG\graphics\assets\flags\DK.png,DNK.png
C:\Users\chase\Documents\nodecg\bundles\tennisCG\graphics\assets\flags\DJ.png,DJI.png
C:\Users\chase\Documents\nodecg\bundles\tennisCG\graphics\assets\flags\DM.png,DMA.png
C:\Users\chase\Documents\nodecg\bundles\tennisCG\graphics\assets\flags\DO.png,DOM.png
C:\Users\chase\Documents\nodecg\bundles\tennisCG\graphics\assets\flags\EC.png,ECU.png
C:\Users\chase\Documents\nodecg\bundles\tennisCG\graphics\assets\flags\EG.png,EGY.png
C:\Users\chase\Documents\nodecg\bundles\tennisCG\graphics\assets\flags\SV.png,SLV.png
C:\Users\chase\Documents\nodecg\bundles\tennisCG\graphics\assets\flags\GQ.png,GNQ.png
C:\Users\chase\Documents\nodecg\bundles\tennisCG\graphics\assets\flags\ER.png,ERI.png
C:\Users\chase\Documents\nodecg\bundles\tennisCG\graphics\assets\flags\EE.png,EST.png
C:\Users\chase\Documents\nodecg\bundles\tennisCG\graphics\assets\flags\ET.png,ETH.png
C:\Users\chase\Documents\nodecg\bundles\tennisCG\graphics\assets\flags\FK.png,FLK.png
C:\Users\chase\Documents\nodecg\bundles\tennisCG\graphics\assets\flags\FO.png,FRO.png
C:\Users\chase\Documents\nodecg\bundles\tennisCG\graphics\assets\flags\FJ.png,FJI.png
C:\Users\chase\Documents\nodecg\bundles\tennisCG\graphics\assets\flags\FI.png,FIN.png
C:\Users\chase\Documents\nodecg\bundles\tennisCG\graphics\assets\flags\FR.png,FRA.png
C:\Users\chase\Documents\nodecg\bundles\tennisCG\graphics\assets\flags\GF.png,GUF.png
C:\Users\chase\Documents\nodecg\bundles\tennisCG\graphics\assets\flags\PF.png,PYF.png
C:\Users\chase\Documents\nodecg\bundles\tennisCG\graphics\assets\flags\TF.png,ATF.png
C:\Users\chase\Documents\nodecg\bundles\tennisCG\graphics\assets\flags\GA.png,GAB.png
C:\Users\chase\Documents\nodecg\bundles\tennisCG\graphics\assets\flags\GM.png,GMB.png
C:\Users\chase\Documents\nodecg\bundles\tennisCG\graphics\assets\flags\GE.png,GEO.png
C:\Users\chase\Documents\nodecg\bundles\tennisCG\graphics\assets\flags\DE.png,DEU.png
C:\Users\chase\Documents\nodecg\bundles\tennisCG\graphics\assets\flags\GH.png,GHA.png
C:\Users\chase\Documents\nodecg\bundles\tennisCG\graphics\assets\flags\GI.png,GIB.png
C:\Users\chase\Documents\nodecg\bundles\tennisCG\graphics\assets\flags\GR.png,GRC.png
C:\Users\chase\Documents\nodecg\bundles\tennisCG\graphics\assets\flags\GL.png,GRL.png
C:\Users\chase\Documents\nodecg\bundles\tennisCG\graphics\assets\flags\GD.png,GRD.png
C:\Users\chase\Documents\nodecg\bundles\tennisCG\graphics\assets\flags\GP.png,GLP.png
C:\Users\chase\Documents\nodecg\bundles\tennisCG\graphics\assets\flags\GU.png,GUM.png
C:\Users\chase\Documents\nodecg\bundles\tennisCG\graphics\assets\flags\GT.png,GTM.png
C:\Users\chase\Documents\nodecg\bundles\tennisCG\graphics\assets\flags\GG.png,GGY.png
C:\Users\chase\Documents\nodecg\bundles\tennisCG\graphics\assets\flags\GW.png,GNB.png
C:\Users\chase\Documents\nodecg\bundles\tennisCG\graphics\assets\flags\GN.png,GIN.png
C:\Users\chase\Documents\nodecg\bundles\tennisCG\graphics\assets\flags\GY.png,GUY.png
C:\Users\chase\Documents\nodecg\bundles\tennisCG\graphics\assets\flags\HT.png,HTI.png
C:\Users\chase\Documents\nodecg\bundles\tennisCG\graphics\assets\flags\HM.png,HMD.png
C:\Users\chase\Documents\nodecg\bundles\tennisCG\graphics\assets\flags\VA.png,VAT.png
C:\Users\chase\Documents\nodecg\bundles\tennisCG\graphics\assets\flags\HN.png,HND.png
C:\Users\chase\Documents\nodecg\bundles\tennisCG\graphics\assets\flags\HK.png,HKG.png
C:\Users\chase\Documents\nodecg\bundles\tennisCG\graphics\assets\flags\HU.png,HUN.png
C:\Users\chase\Documents\nodecg\bundles\tennisCG\graphics\assets\flags\IS.png,ISL.png
C:\Users\chase\Documents\nodecg\bundles\tennisCG\graphics\assets\flags\IN.png,IND.png
C:\Users\chase\Documents\nodecg\bundles\tennisCG\graphics\assets\flags\ID.png,IDN.png
C:\Users\chase\Documents\nodecg\bundles\tennisCG\graphics\assets\flags\IR.png,IRN.png
C:\Users\chase\Documents\nodecg\bundles\tennisCG\graphics\assets\flags\IQ.png,IRQ.png
C:\Users\chase\Documents\nodecg\bundles\tennisCG\graphics\assets\flags\IE.png,IRL.png
C:\Users\chase\Documents\nodecg\bundles\tennisCG\graphics\assets\flags\IM.png,IMN.png
C:\Users\chase\Documents\nodecg\bundles\tennisCG\graphics\assets\flags\IL.png,ISR.png
C:\Users\chase\Documents\nodecg\bundles\tennisCG\graphics\assets\flags\IT.png,ITA.png
C:\Users\chase\Documents\nodecg\bundles\tennisCG\graphics\assets\flags\CI.png,CIV.png
C:\Users\chase\Documents\nodecg\bundles\tennisCG\graphics\assets\flags\JM.png,JAM.png
C:\Users\chase\Documents\nodecg\bundles\tennisCG\graphics\assets\flags\JP.png,JPN.png
C:\Users\chase\Documents\nodecg\bundles\tennisCG\graphics\assets\flags\JE.png,JEY.png
C:\Users\chase\Documents\nodecg\bundles\tennisCG\graphics\assets\flags\JO.png,JOR.png
C:\Users\chase\Documents\nodecg\bundles\tennisCG\graphics\assets\flags\KZ.png,KAZ.png
C:\Users\chase\Documents\nodecg\bundles\tennisCG\graphics\assets\flags\KE.png,KEN.png
C:\Users\chase\Documents\nodecg\bundles\tennisCG\graphics\assets\flags\KI.png,KIR.png
C:\Users\chase\Documents\nodecg\bundles\tennisCG\graphics\assets\flags\KP.png,PRK.png
C:\Users\chase\Documents\nodecg\bundles\tennisCG\graphics\assets\flags\KR.png,KOR.png
C:\Users\chase\Documents\nodecg\bundles\tennisCG\graphics\assets\flags\XK.png,XKX.png
C:\Users\chase\Documents\nodecg\bundles\tennisCG\graphics\assets\flags\KW.png,KWT.png
C:\Users\chase\Documents\nodecg\bundles\tennisCG\graphics\assets\flags\KG.png,KGZ.png
C:\Users\chase\Documents\nodecg\bundles\tennisCG\graphics\assets\flags\LA.png,LAO.png
C:\Users\chase\Documents\nodecg\bundles\tennisCG\graphics\assets\flags\LV.png,LVA.png
C:\Users\chase\Documents\nodecg\bundles\tennisCG\graphics\assets\flags\LB.png,LBN.png
C:\Users\chase\Documents\nodecg\bundles\tennisCG\graphics\assets\flags\LS.png,LSO.png
C:\Users\chase\Documents\nodecg\bundles\tennisCG\graphics\assets\flags\LR.png,LBR.png
C:\Users\chase\Documents\nodecg\bundles\tennisCG\graphics\assets\flags\LY.png,LBY.png
C:\Users\chase\Documents\nodecg\bundles\tennisCG\graphics\assets\flags\LY.png,LBY.png
C:\Users\chase\Documents\nodecg\bundles\tennisCG\graphics\assets\flags\LI.png,LIE.png
C:\Users\chase\Documents\nodecg\bundles\tennisCG\graphics\assets\flags\LT.png,LTU.png
C:\Users\chase\Documents\nodecg\bundles\tennisCG\graphics\assets\flags\LU.png,LUX.png
C:\Users\chase\Documents\nodecg\bundles\tennisCG\graphics\assets\flags\MO.png,MAC.png
C:\Users\chase\Documents\nodecg\bundles\tennisCG\graphics\assets\flags\MK.png,MKD.png
C:\Users\chase\Documents\nodecg\bundles\tennisCG\graphics\assets\flags\MG.png,MDG.png
C:\Users\chase\Documents\nodecg\bundles\tennisCG\graphics\assets\flags\MW.png,MWI.png
C:\Users\chase\Documents\nodecg\bundles\tennisCG\graphics\assets\flags\MY.png,MYS.png
C:\Users\chase\Documents\nodecg\bundles\tennisCG\graphics\assets\flags\MV.png,MDV.png
C:\Users\chase\Documents\nodecg\bundles\tennisCG\graphics\assets\flags\ML.png,MLI.png
C:\Users\chase\Documents\nodecg\bundles\tennisCG\graphics\assets\flags\MT.png,MLT.png
C:\Users\chase\Documents\nodecg\bundles\tennisCG\graphics\assets\flags\MH.png,MHL.png
C:\Users\chase\Documents\nodecg\bundles\tennisCG\graphics\assets\flags\MQ.png,MTQ.png
C:\Users\chase\Documents\nodecg\bundles\tennisCG\graphics\assets\flags\MR.png,MRT.png
C:\Users\chase\Documents\nodecg\bundles\tennisCG\graphics\assets\flags\MU.png,MUS.png
C:\Users\chase\Documents\nodecg\bundles\tennisCG\graphics\assets\flags\YT.png,MYT.png
C:\Users\chase\Documents\nodecg\bundles\tennisCG\graphics\assets\flags\MX.png,MEX.png
C:\Users\chase\Documents\nodecg\bundles\tennisCG\graphics\assets\flags\FM.png,FSM.png
C:\Users\chase\Documents\nodecg\bundles\tennisCG\graphics\assets\flags\MD.png,MDA.png
C:\Users\chase\Documents\nodecg\bundles\tennisCG\graphics\assets\flags\MC.png,MCO.png
C:\Users\chase\Documents\nodecg\bundles\tennisCG\graphics\assets\flags\MN.png,MNG.png
C:\Users\chase\Documents\nodecg\bundles\tennisCG\graphics\assets\flags\ME.png,MNE.png
C:\Users\chase\Documents\nodecg\bundles\tennisCG\graphics\assets\flags\MS.png,MSR.png
C:\Users\chase\Documents\nodecg\bundles\tennisCG\graphics\assets\flags\MA.png,MAR.png
C:\Users\chase\Documents\nodecg\bundles\tennisCG\graphics\assets\flags\MZ.png,MOZ.png
C:\Users\chase\Documents\nodecg\bundles\tennisCG\graphics\assets\flags\MM.png,MMR.png
C:\Users\chase\Documents\nodecg\bundles\tennisCG\graphics\assets\flags\NA.png,NAM.png
C:\Users\chase\Documents\nodecg\bundles\tennisCG\graphics\assets\flags\NR.png,NRU.png
C:\Users\chase\Documents\nodecg\bundles\tennisCG\graphics\assets\flags\NP.png,NPL.png
C:\Users\chase\Documents\nodecg\bundles\tennisCG\graphics\assets\flags\AN.png,ANT.png
C:\Users\chase\Documents\nodecg\bundles\tennisCG\graphics\assets\flags\NL.png,NLD.png
C:\Users\chase\Documents\nodecg\bundles\tennisCG\graphics\assets\flags\NC.png,NCL.png
C:\Users\chase\Documents\nodecg\bundles\tennisCG\graphics\assets\flags\NZ.png,NZL.png
C:\Users\chase\Documents\nodecg\bundles\tennisCG\graphics\assets\flags\NI.png,NIC.png
C:\Users\chase\Documents\nodecg\bundles\tennisCG\graphics\assets\flags\NE.png,NER.png
C:\Users\chase\Documents\nodecg\bundles\tennisCG\graphics\assets\flags\NG.png,NGA.png
C:\Users\chase\Documents\nodecg\bundles\tennisCG\graphics\assets\flags\NU.png,NIU.png
C:\Users\chase\Documents\nodecg\bundles\tennisCG\graphics\assets\flags\NF.png,NFK.png
C:\Users\chase\Documents\nodecg\bundles\tennisCG\graphics\assets\flags\MP.png,MNP.png
C:\Users\chase\Documents\nodecg\bundles\tennisCG\graphics\assets\flags\NO.png,NOR.png
C:\Users\chase\Documents\nodecg\bundles\tennisCG\graphics\assets\flags\OM.png,OMN.png
C:\Users\chase\Documents\nodecg\bundles\tennisCG\graphics\assets\flags\PK.png,PAK.png
C:\Users\chase\Documents\nodecg\bundles\tennisCG\graphics\assets\flags\PW.png,PLW.png
C:\Users\chase\Documents\nodecg\bundles\tennisCG\graphics\assets\flags\PS.png,PSE.png
C:\Users\chase\Documents\nodecg\bundles\tennisCG\graphics\assets\flags\PA.png,PAN.png
C:\Users\chase\Documents\nodecg\bundles\tennisCG\graphics\assets\flags\PG.png,PNG.png
C:\Users\chase\Documents\nodecg\bundles\tennisCG\graphics\assets\flags\PY.png,PRY.png
C:\Users\chase\Documents\nodecg\bundles\tennisCG\graphics\assets\flags\PE.png,PER.png
C:\Users\chase\Documents\nodecg\bundles\tennisCG\graphics\assets\flags\PH.png,PHL.png
C:\Users\chase\Documents\nodecg\bundles\tennisCG\graphics\assets\flags\PN.png,PCN.png
C:\Users\chase\Documents\nodecg\bundles\tennisCG\graphics\assets\flags\PL.png,POL.png
C:\Users\chase\Documents\nodecg\bundles\tennisCG\graphics\assets\flags\PT.png,PRT.png
C:\Users\chase\Documents\nodecg\bundles\tennisCG\graphics\assets\flags\PR.png,PRI.png
C:\Users\chase\Documents\nodecg\bundles\tennisCG\graphics\assets\flags\QA.png,QAT.png
C:\Users\chase\Documents\nodecg\bundles\tennisCG\graphics\assets\flags\RE.png,REU.png
C:\Users\chase\Documents\nodecg\bundles\tennisCG\graphics\assets\flags\RO.png,ROU.png
C:\Users\chase\Documents\nodecg\bundles\tennisCG\graphics\assets\flags\RU.png,RUS.png
C:\Users\chase\Documents\nodecg\bundles\tennisCG\graphics\assets\flags\RU.png,RUS.png
C:\Users\chase\Documents\nodecg\bundles\tennisCG\graphics\assets\flags\RW.png,RWA.png
C:\Users\chase\Documents\nodecg\bundles\tennisCG\graphics\assets\flags\BL.png,BLM.png
C:\Users\chase\Documents\nodecg\bundles\tennisCG\graphics\assets\flags\SH.png,SHN.png
C:\Users\chase\Documents\nodecg\bundles\tennisCG\graphics\assets\flags\KN.png,KNA.png
C:\Users\chase\Documents\nodecg\bundles\tennisCG\graphics\assets\flags\LC.png,LCA.png
C:\Users\chase\Documents\nodecg\bundles\tennisCG\graphics\assets\flags\MF.png,MAF.png
C:\Users\chase\Documents\nodecg\bundles\tennisCG\graphics\assets\flags\PM.png,SPM.png
C:\Users\chase\Documents\nodecg\bundles\tennisCG\graphics\assets\flags\VC.png,VCT.png
C:\Users\chase\Documents\nodecg\bundles\tennisCG\graphics\assets\flags\VC.png,VCT.png
C:\Users\chase\Documents\nodecg\bundles\tennisCG\graphics\assets\flags\WS.png,WSM.png
C:\Users\chase\Documents\nodecg\bundles\tennisCG\graphics\assets\flags\SM.png,SMR.png
C:\Users\chase\Documents\nodecg\bundles\tennisCG\graphics\assets\flags\ST.png,STP.png
C:\Users\chase\Documents\nodecg\bundles\tennisCG\graphics\assets\flags\SA.png,SAU.png
C:\Users\chase\Documents\nodecg\bundles\tennisCG\graphics\assets\flags\SN.png,SEN.png
C:\Users\chase\Documents\nodecg\bundles\tennisCG\graphics\assets\flags\RS.png,SRB.png
C:\Users\chase\Documents\nodecg\bundles\tennisCG\graphics\assets\flags\SC.png,SYC.png
C:\Users\chase\Documents\nodecg\bundles\tennisCG\graphics\assets\flags\SL.png,SLE.png
C:\Users\chase\Documents\nodecg\bundles\tennisCG\graphics\assets\flags\SG.png,SGP.png
C:\Users\chase\Documents\nodecg\bundles\tennisCG\graphics\assets\flags\SX.png,SXM.png
C:\Users\chase\Documents\nodecg\bundles\tennisCG\graphics\assets\flags\SK.png,SVK.png
C:\Users\chase\Documents\nodecg\bundles\tennisCG\graphics\assets\flags\SI.png,SVN.png
C:\Users\chase\Documents\nodecg\bundles\tennisCG\graphics\assets\flags\SB.png,SLB.png
C:\Users\chase\Documents\nodecg\bundles\tennisCG\graphics\assets\flags\SO.png,SOM.png
C:\Users\chase\Documents\nodecg\bundles\tennisCG\graphics\assets\flags\ZA.png,ZAF.png
C:\Users\chase\Documents\nodecg\bundles\tennisCG\graphics\assets\flags\GS.png,SGS.png
C:\Users\chase\Documents\nodecg\bundles\tennisCG\graphics\assets\flags\KR.png,KOR.png
C:\Users\chase\Documents\nodecg\bundles\tennisCG\graphics\assets\flags\SS.png,SSD.png
C:\Users\chase\Documents\nodecg\bundles\tennisCG\graphics\assets\flags\ES.png,ESP.png
C:\Users\chase\Documents\nodecg\bundles\tennisCG\graphics\assets\flags\LK.png,LKA.png
C:\Users\chase\Documents\nodecg\bundles\tennisCG\graphics\assets\flags\VC.png,VCT.png
C:\Users\chase\Documents\nodecg\bundles\tennisCG\graphics\assets\flags\SD.png,SDN.png
C:\Users\chase\Documents\nodecg\bundles\tennisCG\graphics\assets\flags\SR.png,SUR.png
C:\Users\chase\Documents\nodecg\bundles\tennisCG\graphics\assets\flags\SJ.png,SJM.png
C:\Users\chase\Documents\nodecg\bundles\tennisCG\graphics\assets\flags\SZ.png,SWZ.png
C:\Users\chase\Documents\nodecg\bundles\tennisCG\graphics\assets\flags\SE.png,SWE.png
C:\Users\chase\Documents\nodecg\bundles\tennisCG\graphics\assets\flags\CH.png,CHE.png
C:\Users\chase\Documents\nodecg\bundles\tennisCG\graphics\assets\flags\SY.png,SYR.png
C:\Users\chase\Documents\nodecg\bundles\tennisCG\graphics\assets\flags\TW.png,TWN.png
C:\Users\chase\Documents\nodecg\bundles\tennisCG\graphics\assets\flags\TJ.png,TJK.png
C:\Users\chase\Documents\nodecg\bundles\tennisCG\graphics\assets\flags\TZ.png,TZA.png
C:\Users\chase\Documents\nodecg\bundles\tennisCG\graphics\assets\flags\TH.png,THA.png
C:\Users\chase\Documents\nodecg\bundles\tennisCG\graphics\assets\flags\TL.png,TLS.png
C:\Users\chase\Documents\nodecg\bundles\tennisCG\graphics\assets\flags\TG.png,TGO.png
C:\Users\chase\Documents\nodecg\bundles\tennisCG\graphics\assets\flags\TK.png,TKL.png
C:\Users\chase\Documents\nodecg\bundles\tennisCG\graphics\assets\flags\TO.png,TON.png
C:\Users\chase\Documents\nodecg\bundles\tennisCG\graphics\assets\flags\TT.png,TTO.png
C:\Users\chase\Documents\nodecg\bundles\tennisCG\graphics\assets\flags\TN.png,TUN.png
C:\Users\chase\Documents\nodecg\bundles\tennisCG\graphics\assets\flags\TR.png,TUR.png
C:\Users\chase\Documents\nodecg\bundles\tennisCG\graphics\assets\flags\TM.png,TKM.png
C:\Users\chase\Documents\nodecg\bundles\tennisCG\graphics\assets\flags\TC.png,TCA.png
C:\Users\chase\Documents\nodecg\bundles\tennisCG\graphics\assets\flags\TV.png,TUV.png
C:\Users\chase\Documents\nodecg\bundles\tennisCG\graphics\assets\flags\UG.png,UGA.png
C:\Users\chase\Documents\nodecg\bundles\tennisCG\graphics\assets\flags\UA.png,UKR.png
C:\Users\chase\Documents\nodecg\bundles\tennisCG\graphics\assets\flags\AE.png,ARE.png
C:\Users\chase\Documents\nodecg\bundles\tennisCG\graphics\assets\flags\GB.png,GBR.png
C:\Users\chase\Documents\nodecg\bundles\tennisCG\graphics\assets\flags\UM.png,UMI.png
C:\Users\chase\Documents\nodecg\bundles\tennisCG\graphics\assets\flags\US.png,USA.png
C:\Users\chase\Documents\nodecg\bundles\tennisCG\graphics\assets\flags\UY.png,URY.png
C:\Users\chase\Documents\nodecg\bundles\tennisCG\graphics\assets\flags\UZ.png,UZB.png
C:\Users\chase\Documents\nodecg\bundles\tennisCG\graphics\assets\flags\VU.png,VUT.png
C:\Users\chase\Documents\nodecg\bundles\tennisCG\graphics\assets\flags\VE.png,VEN.png
C:\Users\chase\Documents\nodecg\bundles\tennisCG\graphics\assets\flags\VE.png,VEN.png
C:\Users\chase\Documents\nodecg\bundles\tennisCG\graphics\assets\flags\VN.png,VNM.png
C:\Users\chase\Documents\nodecg\bundles\tennisCG\graphics\assets\flags\VN.png,VNM.png
C:\Users\chase\Documents\nodecg\bundles\tennisCG\graphics\assets\flags\VG.png,VGB.png
C:\Users\chase\Documents\nodecg\bundles\tennisCG\graphics\assets\flags\VI.png,VIR.png
C:\Users\chase\Documents\nodecg\bundles\tennisCG\graphics\assets\flags\WF.png,WLF.png
C:\Users\chase\Documents\nodecg\bundles\tennisCG\graphics\assets\flags\EH.png,ESH.png
C:\Users\chase\Documents\nodecg\bundles\tennisCG\graphics\assets\flags\YE.png,YEM.png
C:\Users\chase\Documents\nodecg\bundles\tennisCG\graphics\assets\flags\ZM.png,ZMB.png
C:\Users\chase\Documents\nodecg\bundles\tennisCG\graphics\assets\flags\ZW.png,ZWE.png